timestamp,score_metric,most_delayed,most_cancelled,delayed_by_airline,cancelled_by_airline,delayed,cancelled,ontime,total_flights,average_general_wait,average_precheck_wait,average_overall_wait,open_checkpoints,lane_wait_times,source
2025-02-16T18:23:50.095059,0.551953755830071,Southwest,Frontier,"{'United': 10, 'American': 8, 'JetBlue': 12, 'Delta': 9, 'Southwest': 19, 'Spirit': 6, 'Breeze Airways': 2, 'Frontier': 2, 'Sun Country': 1, 'Silver Airways': 1, 'Alaska': 1, 'Porter': 1}","{'American': 1, 'Frontier': 4}",72,5,49,126,7,2,5,4,"{'East Checkpoint General': {'lane_type': 'general', 'wait_time': 8.0}, 'South Checkpoint General': {'lane_type': 'general', 'wait_time': 5.0}, 'South Checkpoint TSA PreCheck': {'lane_type': 'tsa_precheck', 'wait_time': 2.0}, 'West Checkpoint General': {'lane_type': 'general', 'wait_time': 8.0}}",X
2025-02-16T18:24:21.713520,0.551953755830071,Southwest,Frontier,"{'United': 10, 'American': 8, 'JetBlue': 12, 'Delta': 9, 'Southwest': 19, 'Spirit': 6, 'Breeze Airways': 2, 'Frontier': 2, 'Sun Country': 1, 'Silver Airways': 1, 'Alaska': 1, 'Porter': 1}","{'American': 1, 'Frontier': 4}",72,5,49,126,7,2,5,4,"{'East Checkpoint General': {'lane_type': 'general', 'wait_time': 8.0}, 'South Checkpoint General': {'lane_type': 'general', 'wait_time': 5.0}, 'South Checkpoint TSA PreCheck': {'lane_type': 'tsa_precheck', 'wait_time': 2.0}, 'West Checkpoint General': {'lane_type': 'general', 'wait_time': 8.0}}",X
2025-02-16T22:04:02.150721,0.33434398381122266,Southwest,Delta,"{'Southwest': 5, 'JetBlue': 4, 'United': 1, 'Delta': 1, 'Spirit': 2, 'Frontier': 3, 'WestJet': 1}","{'Delta': 4, 'JetBlue': 2, 'Breeze Airways': 1, 'Frontier': 1, 'Spirit': 1, 'Air Canada': 1}",17,10,9,36,4,2,3,4,"{'East Checkpoint General': {'lane_type': 'general', 'wait_time': 5.0}, 'South Checkpoint General': {'lane_type': 'general', 'wait_time': 2.5}, 'South Checkpoint TSA PreCheck': {'lane_type': 'tsa_precheck', 'wait_time': 2.0}, 'West Checkpoint General': {'lane_type': 'general', 'wait_time': 5.0}}",X
2025-02-17T08:26:21.265037,0.4372367741513762,Delta,Breeze Airways,"{'Delta': 7, 'United': 2, 'WestJet': 2, 'Southwest': 7, 'Frontier': 2, 'Spirit': 4, 'JetBlue': 5, 'Breeze Airways': 1}","{'Breeze Airways': 2, 'Southwest': 1, 'Silver Airways': 1, 'Air Canada': 1, 'Porter': 1, 'Delta': 1, 'American': 1, 'Spirit': 1}",30,9,74,113,6,3,5,4,"{'East Checkpoint General': {'lane_type': 'general', 'wait_time': 6.0}, 'South Checkpoint General': {'lane_type': 'general', 'wait_time': 2.5}, 'South Checkpoint TSA PreCheck': {'lane_type': 'tsa_precheck', 'wait_time': 3.0}, 'West Checkpoint General': {'lane_type': 'general', 'wait_time': 10.0}}",X
2025-02-17T18:21:24.441345,0.5439408907473491,Southwest,Air Canada,"{'Avianca': 1, 'Southwest': 22, 'Frontier': 7, 'Avelo Airlines': 2, 'Porter': 1, 'Delta': 13, 'JetBlue': 12, 'Virgin Atlantic': 1, 'American': 13, 'Spirit': 5, 'Air Canada': 1, 'Breeze Airways': 1, 'United': 6, 'Sun Country': 2, 'Alaska': 2}","{'Air Canada': 2, 'JetBlue': 1, 'Frontier': 2}",89,5,29,123,8,2,7,4,"{'East Checkpoint General': {'lane_type': 'general', 'wait_time': 16.0}, 'South Checkpoint General': {'lane_type': 'general', 'wait_time': 4.0}, 'South Checkpoint TSA PreCheck': {'lane_type': 'tsa_precheck', 'wait_time': 2.5}, 'West Checkpoint General': {'lane_type': 'general', 'wait_time': 6.0}}",X
2025-02-17T19:51:25.667269,0.5439408907473491,Southwest,Air Canada,"{'Avianca': 1, 'Southwest': 22, 'Frontier': 7, 'Avelo Airlines': 2, 'Porter': 1, 'Delta': 13, 'JetBlue': 12, 'Virgin Atlantic': 1, 'American': 13, 'Spirit': 5, 'Air Canada': 1, 'Breeze Airways': 1, 'United': 6, 'Sun Country': 2, 'Alaska': 2}","{'Air Canada': 2, 'JetBlue': 1, 'Frontier': 2}",89,5,29,123,8,2,7,4,"{'East Checkpoint General': {'lane_type': 'general', 'wait_time': 17.0}, 'South Checkpoint General': {'lane_type': 'general', 'wait_time': 2.0}, 'South Checkpoint TSA PreCheck': {'lane_type': 'tsa_precheck', 'wait_time': 2.0}, 'West Checkpoint General': {'lane_type': 'general', 'wait_time': 18.0}}",X
2025-02-17T21:21:26.960216,0.5439408907473491,Southwest,Air Canada,"{'Avianca': 1, 'Southwest': 22, 'Frontier': 7, 'Avelo Airlines': 2, 'Porter': 1, 'Delta': 13, 'JetBlue': 12, 'Virgin Atlantic': 1, 'American': 13, 'Spirit': 5, 'Air Canada': 1, 'Breeze Airways': 1, 'United': 6, 'Sun Country': 2, 'Alaska': 2}","{'Air Canada': 2, 'JetBlue': 1, 'Frontier': 2}",89,5,29,123,8,2,7,4,"{'East Checkpoint General': {'lane_type': 'general', 'wait_time': 5.0}, 'South Checkpoint General': {'lane_type': 'general', 'wait_time': 2.5}, 'South Checkpoint TSA PreCheck': {'lane_type': 'tsa_precheck', 'wait_time': 2.0}, 'West Checkpoint General': {'lane_type': 'general', 'wait_time': 15.0}}",X
2025-02-17T22:51:28.269568,0.5439408907473491,Southwest,Air Canada,"{'Avianca': 1, 'Southwest': 22, 'Frontier': 7, 'Avelo Airlines': 2, 'Porter': 1, 'Delta': 13, 'JetBlue': 12, 'Virgin Atlantic': 1, 'American': 13, 'Spirit': 5, 'Air Canada': 1, 'Breeze Airways': 1, 'United': 6, 'Sun Country': 2, 'Alaska': 2}","{'Air Canada': 2, 'JetBlue': 1, 'Frontier': 2}",89,5,29,123,8,2,7,4,"{'East Checkpoint General': {'lane_type': 'general', 'wait_time': 5.0}, 'South Checkpoint General': {'lane_type': 'general', 'wait_time': 4.0}, 'South Checkpoint TSA PreCheck': {'lane_type': 'tsa_precheck', 'wait_time': 2.5}, 'West Checkpoint General': {'lane_type': 'general', 'wait_time': 5.0}}",X
2025-02-17T23:45:41.104851,0.3294637066277651,Frontier,Air Canada,"{'Southwest': 2, 'Frontier': 3}",{'Air Canada': 1},5,1,0,6,4,2,3,4,"{'East Checkpoint General': {'lane_type': 'general', 'wait_time': 5.0}, 'South Checkpoint General': {'lane_type': 'general', 'wait_time': 2.0}, 'South Checkpoint TSA PreCheck': {'lane_type': 'tsa_precheck', 'wait_time': 2.0}, 'West Checkpoint General': {'lane_type': 'general', 'wait_time': 5.0}}",X
2025-02-18T01:15:42.438567,0.3294637066277651,Frontier,Air Canada,"{'Southwest': 2, 'Frontier': 3}",{'Air Canada': 1},5,1,0,6,4,2,3,4,"{'East Checkpoint General': {'lane_type': 'general', 'wait_time': 5.0}, 'South Checkpoint General': {'lane_type': 'general', 'wait_time': 2.0}, 'South Checkpoint TSA PreCheck': {'lane_type': 'tsa_precheck', 'wait_time': 2.0}, 'West Checkpoint General': {'lane_type': 'general', 'wait_time': 5.0}}",X
2025-02-18T02:45:43.742040,0.3294637066277651,Frontier,Air Canada,"{'Southwest': 2, 'Frontier': 3}",{'Air Canada': 1},5,1,0,6,4,2,3,4,"{'East Checkpoint General': {'lane_type': 'general', 'wait_time': 6.0}, 'South Checkpoint General': {'lane_type': 'general', 'wait_time': 2.5}, 'South Checkpoint TSA PreCheck': {'lane_type': 'tsa_precheck', 'wait_time': 2.0}, 'West Checkpoint General': {'lane_type': 'general', 'wait_time': 12.0}}",X
2025-02-18T04:15:45.250247,0.3294637066277651,Frontier,Air Canada,"{'Southwest': 2, 'Frontier': 3}",{'Air Canada': 1},5,1,0,6,4,2,3,4,"{'East Checkpoint General': {'lane_type': 'general', 'wait_time': 22.0}, 'South Checkpoint General': {'lane_type': 'general', 'wait_time': 2.5}, 'South Checkpoint TSA PreCheck': {'lane_type': 'tsa_precheck', 'wait_time': 2.0}, 'West Checkpoint General': {'lane_type': 'general', 'wait_time': 14.0}}",X
2025-02-18T05:45:46.647735,0.3294637066277651,Frontier,Air Canada,"{'Southwest': 2, 'Frontier': 3}",{'Air Canada': 1},5,1,0,6,4,2,3,4,"{'East Checkpoint General': {'lane_type': 'general', 'wait_time': 24.0}, 'South Checkpoint General': {'lane_type': 'general', 'wait_time': 2.5}, 'South Checkpoint TSA PreCheck': {'lane_type': 'tsa_precheck', 'wait_time': 2.0}, 'West Checkpoint General': {'lane_type': 'general', 'wait_time': 9.0}}",X
2025-02-18T07:15:48.057689,0.3294637066277651,Frontier,Air Canada,"{'Southwest': 2, 'Frontier': 3}",{'Air Canada': 1},5,1,0,6,4,2,3,4,"{'East Checkpoint General': {'lane_type': 'general', 'wait_time': 6.0}, 'South Checkpoint General': {'lane_type': 'general', 'wait_time': 3.0}, 'South Checkpoint TSA PreCheck': {'lane_type': 'tsa_precheck', 'wait_time': 2.0}, 'West Checkpoint General': {'lane_type': 'general', 'wait_time': 23.0}}",X
2025-02-18T08:45:49.441457,0.3294637066277651,Frontier,Air Canada,"{'Southwest': 2, 'Frontier': 3}",{'Air Canada': 1},5,1,0,6,4,2,3,4,"{'East Checkpoint General': {'lane_type': 'general', 'wait_time': 33.0}, 'South Checkpoint General': {'lane_type': 'general', 'wait_time': 4.0}, 'South Checkpoint TSA PreCheck': {'lane_type': 'tsa_precheck', 'wait_time': 2.5}, 'West Checkpoint General': {'lane_type': 'general', 'wait_time': 9.0}}",X
2025-02-18T10:02:13.967068,0.8304401116554834,JetBlue,,"{'Avelo Airlines': 1, 'Frontier': 3, 'Flair': 1, 'Delta': 4, 'Southwest': 3, 'JetBlue': 6, 'Breeze Airways': 2, 'Air Canada': 1, 'WestJet': 1}",{},22,0,75,97,5,2,4,4,"{'East Checkpoint General': {'lane_type': 'general', 'wait_time': 6.0}, 'South Checkpoint General': {'lane_type': 'general', 'wait_time': 3.0}, 'South Checkpoint TSA PreCheck': {'lane_type': 'tsa_precheck', 'wait_time': 2.5}, 'West Checkpoint General': {'lane_type': 'general', 'wait_time': 8.0}}",X
2025-02-18T11:32:16.980104,0.795889593686499,JetBlue,Porter,"{'Avelo Airlines': 1, 'Flair': 1, 'Delta': 3, 'JetBlue': 6, 'Frontier': 3, 'WestJet': 1, 'Air Canada': 1, 'Southwest': 4, 'American': 1, 'Porter': 1}","{'Porter': 1}",22,1,69,92,6,3,5,4,"{'East Checkpoint General': {'lane_type': 'general', 'wait_time': 8.0}, 'South Checkpoint General': {'lane_type': 'general', 'wait_time': 2.5}, 'South Checkpoint TSA PreCheck': {'lane_type': 'tsa_precheck', 'wait_time': 3.0}, 'West Checkpoint General': {'lane_type': 'general', 'wait_time': 8.0}}",X
2025-02-18T13:02:19.531745,0.8664558924419302,Southwest,Porter,"{'Flair': 1, 'Southwest': 7, 'Frontier': 2, 'JetBlue': 3, 'Air Canada': 1, 'Porter': 1, 'Delta': 1}",{'Porter': 1},16,1,77,94,6,6,6,4,"{'East Checkpoint General': {'lane_type': 'general', 'wait_time': 8.0}, 'South Checkpoint General': {'lane_type': 'general', 'wait_time': 4.0}, 'South Checkpoint TSA PreCheck': {'lane_type': 'tsa_precheck', 'wait_time': 6.0}, 'West Checkpoint General': {'lane_type': 'general', 'wait_time': 8.0}}",X
2025-02-18T14:32:21.999423,0.7928014180667731,Southwest,Porter,"{'Flair': 2, 'Southwest': 9, 'Porter': 2, 'Delta': 1, 'JetBlue': 2, 'American': 1, 'Frontier': 2, 'United': 2, 'Air Canada': 2, 'Spirit': 1}","{'Porter': 1, 'American': 1}",24,2,82,108,5,2,4,4,"{'East Checkpoint General': {'lane_type': 'general', 'wait_time': 8.0}, 'South Checkpoint General': {'lane_type': 'general', 'wait_time': 2.5}, 'South Checkpoint TSA PreCheck': {'lane_type': 'tsa_precheck', 'wait_time': 2.0}, 'West Checkpoint General': {'lane_type': 'general', 'wait_time': 6.0}}",X
2025-02-18T16:02:24.413860,0.7227608787561375,JetBlue,Porter,"{'Delta': 5, 'United': 4, 'Southwest': 7, 'Flair': 1, 'Porter': 1, 'Frontier': 2, 'JetBlue': 8, 'Air Canada': 1, 'British Airways': 1, 'American': 2, 'Breeze Airways': 1}","{'Porter': 1, 'American': 1}",33,2,75,110,8,2,7,4,"{'East Checkpoint General': {'lane_type': 'general', 'wait_time': 12.0}, 'South Checkpoint General': {'lane_type': 'general', 'wait_time': 6.0}, 'South Checkpoint TSA PreCheck': {'lane_type': 'tsa_precheck', 'wait_time': 2.0}, 'West Checkpoint General': {'lane_type': 'general', 'wait_time': 8.0}}",X
2025-02-18T17:32:26.959042,0.6858057181815145,Southwest,United,"{'Delta': 9, 'Southwest': 12, 'Porter': 1, 'JetBlue': 12, 'American': 3, 'United': 2, 'Breeze Airways': 1, 'Frontier': 1, 'Silver Airways': 1}","{'United': 1, 'American': 1}",42,2,66,110,10,2,8,4,"{'East Checkpoint General': {'lane_type': 'general', 'wait_time': 15.0}, 'South Checkpoint General': {'lane_type': 'general', 'wait_time': 10.0}, 'South Checkpoint TSA PreCheck': {'lane_type': 'tsa_precheck', 'wait_time': 2.0}, 'West Checkpoint General': {'lane_type': 'general', 'wait_time': 5.0}}",X
2025-02-18T19:02:29.363396,0.6872880519801334,Southwest,United,"{'Delta': 4, 'Southwest': 9, 'JetBlue': 8, 'Silver Airways': 1, 'United': 1, 'WestJet': 1, 'Sun Country': 1}",{'United': 1},25,1,35,61,5,2,4,4,"{'East Checkpoint General': {'lane_type': 'general', 'wait_time': 5.0}, 'South Checkpoint General': {'lane_type': 'general', 'wait_time': 7.0}, 'South Checkpoint TSA PreCheck': {'lane_type': 'tsa_precheck', 'wait_time': 2.0}, 'West Checkpoint General': {'lane_type': 'general', 'wait_time': 5.0}}",X
2025-02-18T19:49:36.593409,0.7226840213190616,Southwest,,"{'Silver Airways': 1, 'Delta': 1, 'Southwest': 7, 'WestJet': 1, 'JetBlue': 4, 'Sun Country': 1, 'Frontier': 1}",{},16,0,23,39,4,2,4,4,"{'East Checkpoint General': {'lane_type': 'general', 'wait_time': 6.0}, 'South Checkpoint General': {'lane_type': 'general', 'wait_time': 2.5}, 'South Checkpoint TSA PreCheck': {'lane_type': 'tsa_precheck', 'wait_time': 2.0}, 'West Checkpoint General': {'lane_type': 'general', 'wait_time': 6.0}}",X
2025-02-18T19:50:14.769201,0.7226840213190616,Southwest,,"{'Silver Airways': 1, 'Delta': 1, 'Southwest': 7, 'WestJet': 1, 'JetBlue': 4, 'Sun Country': 1, 'Frontier': 1}",{},16,0,23,39,4,2,4,4,"{'East Checkpoint General': {'lane_type': 'general', 'wait_time': 6.0}, 'South Checkpoint General': {'lane_type': 'general', 'wait_time': 2.5}, 'South Checkpoint TSA PreCheck': {'lane_type': 'tsa_precheck', 'wait_time': 2.0}, 'West Checkpoint General': {'lane_type': 'general', 'wait_time': 6.0}}",BSKY
2025-02-18T19:56:07.614798,0.7415266105095516,JetBlue,,"{'Silver Airways': 1, 'Delta': 1, 'Southwest': 3, 'WestJet': 1, 'JetBlue': 4, 'Sun Country': 1}",{},11,0,21,32,4,2,3,4,"{'East Checkpoint General': {'lane_type': 'general', 'wait_time': 6.0}, 'South Checkpoint General': {'lane_type': 'general', 'wait_time': 2.0}, 'South Checkpoint TSA PreCheck': {'lane_type': 'tsa_precheck', 'wait_time': 2.0}, 'West Checkpoint General': {'lane_type': 'general', 'wait_time': 5.0}}",BSKY
2025-02-18T19:56:38.579717,0.7306660297915264,JetBlue,,"{'Silver Airways': 1, 'Delta': 1, 'Southwest': 3, 'WestJet': 1, 'JetBlue': 5, 'Sun Country': 1}",{},12,0,20,32,4,2,3,4,"{'East Checkpoint General': {'lane_type': 'general', 'wait_time': 6.0}, 'South Checkpoint General': {'lane_type': 'general', 'wait_time': 2.0}, 'South Checkpoint TSA PreCheck': {'lane_type': 'tsa_precheck', 'wait_time': 2.0}, 'West Checkpoint General': {'lane_type': 'general', 'wait_time': 5.0}}",X
2025-02-18T20:26:09.683563,0.7244227562501698,JetBlue,,"{'Silver Airways': 1, 'JetBlue': 4, 'Sun Country': 1, 'Southwest': 2}",{},8,0,12,20,5,2,4,4,"{'East Checkpoint General': {'lane_type': 'general', 'wait_time': 6.0}, 'South Checkpoint General': {'lane_type': 'general', 'wait_time': 2.0}, 'South Checkpoint TSA PreCheck': {'lane_type': 'tsa_precheck', 'wait_time': 2.0}, 'West Checkpoint General': {'lane_type': 'general', 'wait_time': 7.0}}",BSKY
2025-02-18T20:54:29.308929,0.7109367812438903,JetBlue,,"{'Delta': 1, 'Silver Airways': 1, 'JetBlue': 3, 'Sun Country': 1, 'Southwest': 1, 'LATAM': 1, 'LAN Chile': 1}",{},9,0,6,15,5,2,4,4,"{'East Checkpoint General': {'lane_type': 'general', 'wait_time': 6.0}, 'South Checkpoint General': {'lane_type': 'general', 'wait_time': 3.0}, 'South Checkpoint TSA PreCheck': {'lane_type': 'tsa_precheck', 'wait_time': 2.0}, 'West Checkpoint General': {'lane_type': 'general', 'wait_time': 6.0}}",BSKY
2025-02-18T21:24:31.297918,0.7106753378079579,JetBlue,,"{'Delta': 1, 'Silver Airways': 1, 'JetBlue': 3, 'Sun Country': 1, 'LATAM': 1, 'LAN Chile': 1}",{},8,0,4,12,4,2,3,4,"{'East Checkpoint General': {'lane_type': 'general', 'wait_time': 5.0}, 'South Checkpoint General': {'lane_type': 'general', 'wait_time': 3.0}, 'South Checkpoint TSA PreCheck': {'lane_type': 'tsa_precheck', 'wait_time': 2.0}, 'West Checkpoint General': {'lane_type': 'general', 'wait_time': 5.0}}",BSKY
2025-02-18T21:26:40.780563,0.7106753378079579,JetBlue,,"{'Delta': 1, 'Silver Airways': 1, 'JetBlue': 3, 'Sun Country': 1, 'LATAM': 1, 'LAN Chile': 1}",{},8,0,4,12,4,2,3,4,"{'East Checkpoint General': {'lane_type': 'general', 'wait_time': 5.0}, 'South Checkpoint General': {'lane_type': 'general', 'wait_time': 2.0}, 'South Checkpoint TSA PreCheck': {'lane_type': 'tsa_precheck', 'wait_time': 2.0}, 'West Checkpoint General': {'lane_type': 'general', 'wait_time': 5.0}}",X
2025-02-18T21:54:33.392614,0.3373086426524914,Delta,Air Canada,"{'Delta': 1, 'Silver Airways': 1, 'Sun Country': 1, 'JetBlue': 1, 'LATAM': 1, 'LAN Chile': 1}",{'Air Canada': 1},6,1,3,10,4,2,3,4,"{'East Checkpoint General': {'lane_type': 'general', 'wait_time': 5.0}, 'South Checkpoint General': {'lane_type': 'general', 'wait_time': 2.0}, 'South Checkpoint TSA PreCheck': {'lane_type': 'tsa_precheck', 'wait_time': 2.0}, 'West Checkpoint General': {'lane_type': 'general', 'wait_time': 5.0}}",BSKY
2025-02-18T22:24:35.340202,0.32987065370530555,Delta,Air Canada,"{'Delta': 1, 'Silver Airways': 1, 'JetBlue': 1, 'LATAM': 1, 'LAN Chile': 1}",{'Air Canada': 1},5,1,1,7,4,2,4,4,"{'East Checkpoint General': {'lane_type': 'general', 'wait_time': 5.0}, 'South Checkpoint General': {'lane_type': 'general', 'wait_time': 4.0}, 'South Checkpoint TSA PreCheck': {'lane_type': 'tsa_precheck', 'wait_time': 2.0}, 'West Checkpoint General': {'lane_type': 'general', 'wait_time': 5.0}}",BSKY
2025-02-18T22:54:38.039874,0.3297145681178321,Delta,Air Canada,"{'Delta': 1, 'JetBlue': 1, 'LATAM': 1, 'LAN Chile': 1}",{'Air Canada': 1},4,1,1,6,4,2,3,4,"{'East Checkpoint General': {'lane_type': 'general', 'wait_time': 5.0}, 'South Checkpoint General': {'lane_type': 'general', 'wait_time': 2.5}, 'South Checkpoint TSA PreCheck': {'lane_type': 'tsa_precheck', 'wait_time': 2.0}, 'West Checkpoint General': {'lane_type': 'general', 'wait_time': 5.0}}",BSKY
2025-02-18T22:56:42.845464,0.3297145681178321,Delta,Air Canada,"{'Delta': 1, 'JetBlue': 1, 'LATAM': 1, 'LAN Chile': 1}",{'Air Canada': 1},4,1,1,6,4,2,3,4,"{'East Checkpoint General': {'lane_type': 'general', 'wait_time': 5.0}, 'South Checkpoint General': {'lane_type': 'general', 'wait_time': 2.0}, 'South Checkpoint TSA PreCheck': {'lane_type': 'tsa_precheck', 'wait_time': 2.0}, 'West Checkpoint General': {'lane_type': 'general', 'wait_time': 5.0}}",X
2025-02-18T23:24:40.052332,0.3301208392363939,Delta,Air Canada,"{'Delta': 1, 'LATAM': 1, 'LAN Chile': 1}",{'Air Canada': 1},3,1,1,5,4,2,3,4,"{'East Checkpoint General': {'lane_type': 'general', 'wait_time': 5.0}, 'South Checkpoint General': {'lane_type': 'general', 'wait_time': 2.0}, 'South Checkpoint TSA PreCheck': {'lane_type': 'tsa_precheck', 'wait_time': 2.5}, 'West Checkpoint General': {'lane_type': 'general', 'wait_time': 5.0}}",BSKY
2025-02-18T23:54:42.197139,0.3651332489180521,Delta,Air Canada,{'Delta': 1},{'Air Canada': 1},1,1,1,3,4,2,3,4,"{'East Checkpoint General': {'lane_type': 'general', 'wait_time': 5.0}, 'South Checkpoint General': {'lane_type': 'general', 'wait_time': 3.0}, 'South Checkpoint TSA PreCheck': {'lane_type': 'tsa_precheck', 'wait_time': 2.0}, 'West Checkpoint General': {'lane_type': 'general', 'wait_time': 5.0}}",BSKY
2025-02-19T00:24:44.085674,0.3651332489180521,Delta,Air Canada,{'Delta': 1},{'Air Canada': 1},1,1,1,3,4,2,3,4,"{'East Checkpoint General': {'lane_type': 'general', 'wait_time': 5.0}, 'South Checkpoint General': {'lane_type': 'general', 'wait_time': 2.5}, 'South Checkpoint TSA PreCheck': {'lane_type': 'tsa_precheck', 'wait_time': 2.0}, 'West Checkpoint General': {'lane_type': 'general', 'wait_time': 5.0}}",BSKY
2025-02-19T00:26:44.979847,0.3651332489180521,Delta,Air Canada,{'Delta': 1},{'Air Canada': 1},1,1,1,3,4,2,3,4,"{'East Checkpoint General': {'lane_type': 'general', 'wait_time': 5.0}, 'South Checkpoint General': {'lane_type': 'general', 'wait_time': 2.0}, 'South Checkpoint TSA PreCheck': {'lane_type': 'tsa_precheck', 'wait_time': 2.0}, 'West Checkpoint General': {'lane_type': 'general', 'wait_time': 5.0}}",X
2025-02-19T00:54:46.807289,0.6151448115063576,,Air Canada,{},{'Air Canada': 1},0,1,3,4,4,2,3,4,"{'East Checkpoint General': {'lane_type': 'general', 'wait_time': 5.0}, 'South Checkpoint General': {'lane_type': 'general', 'wait_time': 2.0}, 'South Checkpoint TSA PreCheck': {'lane_type': 'tsa_precheck', 'wait_time': 2.0}, 'West Checkpoint General': {'lane_type': 'general', 'wait_time': 5.0}}",BSKY
2025-02-19T01:24:48.751763,0.6488859691907788,,Air Canada,{},{'Air Canada': 1},0,1,12,13,4,2,3,4,"{'East Checkpoint General': {'lane_type': 'general', 'wait_time': 5.0}, 'South Checkpoint General': {'lane_type': 'general', 'wait_time': 2.5}, 'South Checkpoint TSA PreCheck': {'lane_type': 'tsa_precheck', 'wait_time': 2.0}, 'West Checkpoint General': {'lane_type': 'general', 'wait_time': 5.0}}",BSKY
2025-02-19T01:54:56.146806,0.8551240060795655,,Air Canada,{},{'Air Canada': 1},0,1,26,27,5,2,4,4,"{'East Checkpoint General': {'lane_type': 'general', 'wait_time': 5.0}, 'South Checkpoint General': {'lane_type': 'general', 'wait_time': 5.0}, 'South Checkpoint TSA PreCheck': {'lane_type': 'tsa_precheck', 'wait_time': 2.0}, 'West Checkpoint General': {'lane_type': 'general', 'wait_time': 5.0}}",BSKY
2025-02-19T01:56:48.090855,0.8553310342323034,,Air Canada,{},{'Air Canada': 1},0,1,26,27,4,2,3,4,"{'East Checkpoint General': {'lane_type': 'general', 'wait_time': 5.0}, 'South Checkpoint General': {'lane_type': 'general', 'wait_time': 2.0}, 'South Checkpoint TSA PreCheck': {'lane_type': 'tsa_precheck', 'wait_time': 2.0}, 'West Checkpoint General': {'lane_type': 'general', 'wait_time': 5.0}}",X
2025-02-19T02:24:58.085760,0.9071327145959224,,Air Canada,{},{'Air Canada': 1},0,1,34,35,6,2,5,4,"{'East Checkpoint General': {'lane_type': 'general', 'wait_time': 6.0}, 'South Checkpoint General': {'lane_type': 'general', 'wait_time': 8.0}, 'South Checkpoint TSA PreCheck': {'lane_type': 'tsa_precheck', 'wait_time': 2.0}, 'West Checkpoint General': {'lane_type': 'general', 'wait_time': 6.0}}",BSKY
2025-02-19T02:55:00.918499,0.9502216632941249,,Air Canada,{},{'Air Canada': 1},0,1,51,52,7,2,6,4,"{'East Checkpoint General': {'lane_type': 'general', 'wait_time': 6.0}, 'South Checkpoint General': {'lane_type': 'general', 'wait_time': 4.0}, 'South Checkpoint TSA PreCheck': {'lane_type': 'tsa_precheck', 'wait_time': 2.0}, 'West Checkpoint General': {'lane_type': 'general', 'wait_time': 13.0}}",BSKY
2025-02-19T03:25:03.403453,0.9957389338728936,,,{},{},0,0,68,68,6,2,5,4,"{'East Checkpoint General': {'lane_type': 'general', 'wait_time': 6.0}, 'South Checkpoint General': {'lane_type': 'general', 'wait_time': 3.0}, 'South Checkpoint TSA PreCheck': {'lane_type': 'tsa_precheck', 'wait_time': 2.0}, 'West Checkpoint General': {'lane_type': 'general', 'wait_time': 11.0}}",BSKY
2025-02-19T03:26:50.326452,0.9957389338728936,,,{},{},0,0,68,68,6,2,5,4,"{'East Checkpoint General': {'lane_type': 'general', 'wait_time': 6.0}, 'South Checkpoint General': {'lane_type': 'general', 'wait_time': 3.0}, 'South Checkpoint TSA PreCheck': {'lane_type': 'tsa_precheck', 'wait_time': 2.0}, 'West Checkpoint General': {'lane_type': 'general', 'wait_time': 11.0}}",X
2025-02-19T03:55:06.336895,0.994196559722933,,,{},{},0,0,83,83,11,2,9,4,"{'East Checkpoint General': {'lane_type': 'general', 'wait_time': 8.0}, 'South Checkpoint General': {'lane_type': 'general', 'wait_time': 2.5}, 'South Checkpoint TSA PreCheck': {'lane_type': 'tsa_precheck', 'wait_time': 2.0}, 'West Checkpoint General': {'lane_type': 'general', 'wait_time': 24.0}}",BSKY
2025-02-19T04:25:08.519254,0.994196559722933,,,{},{},0,0,93,93,11,2,9,4,"{'East Checkpoint General': {'lane_type': 'general', 'wait_time': 6.0}, 'South Checkpoint General': {'lane_type': 'general', 'wait_time': 3.0}, 'South Checkpoint TSA PreCheck': {'lane_type': 'tsa_precheck', 'wait_time': 2.0}, 'West Checkpoint General': {'lane_type': 'general', 'wait_time': 26.0}}",BSKY
2025-02-19T04:55:11.300952,0.9478657878914085,,American,{},"{'American': 1, 'Spirit': 1}",0,2,100,102,10,2,8,4,"{'East Checkpoint General': {'lane_type': 'general', 'wait_time': 6.0}, 'South Checkpoint General': {'lane_type': 'general', 'wait_time': 2.5}, 'South Checkpoint TSA PreCheck': {'lane_type': 'tsa_precheck', 'wait_time': 2.0}, 'West Checkpoint General': {'lane_type': 'general', 'wait_time': 22.0}}",BSKY
2025-02-19T04:56:52.791843,0.9471164478007281,,American,{},"{'American': 1, 'Spirit': 1}",0,2,99,101,10,2,8,4,"{'East Checkpoint General': {'lane_type': 'general', 'wait_time': 6.0}, 'South Checkpoint General': {'lane_type': 'general', 'wait_time': 2.5}, 'South Checkpoint TSA PreCheck': {'lane_type': 'tsa_precheck', 'wait_time': 2.0}, 'West Checkpoint General': {'lane_type': 'general', 'wait_time': 22.0}}",X
2025-02-19T05:25:13.472312,0.9399119175496684,Frontier,American,"{'Frontier': 2, 'Delta': 1, 'Southwest': 1}","{'American': 1, 'Spirit': 1}",4,2,99,105,10,2,8,4,"{'East Checkpoint General': {'lane_type': 'general', 'wait_time': 6.0}, 'South Checkpoint General': {'lane_type': 'general', 'wait_time': 4.0}, 'South Checkpoint TSA PreCheck': {'lane_type': 'tsa_precheck', 'wait_time': 2.0}, 'West Checkpoint General': {'lane_type': 'general', 'wait_time': 21.0}}",BSKY
2025-02-19T05:55:15.982623,0.9476335764809336,Southwest,American,"{'Southwest': 1, 'Frontier': 1}","{'American': 1, 'Spirit': 1}",2,2,103,107,8,2,6,4,"{'East Checkpoint General': {'lane_type': 'general', 'wait_time': 8.0}, 'South Checkpoint General': {'lane_type': 'general', 'wait_time': 3.0}, 'South Checkpoint TSA PreCheck': {'lane_type': 'tsa_precheck', 'wait_time': 2.0}, 'West Checkpoint General': {'lane_type': 'general', 'wait_time': 14.0}}",BSKY
2025-02-19T06:25:18.494077,0.9390984254356232,American,American,"{'American': 1, 'Delta': 1, 'Southwest': 1, 'Spirit': 1, 'Frontier': 1}","{'American': 1, 'Spirit': 1}",5,2,100,107,7,2,6,4,"{'East Checkpoint General': {'lane_type': 'general', 'wait_time': 11.0}, 'South Checkpoint General': {'lane_type': 'general', 'wait_time': 2.5}, 'South Checkpoint TSA PreCheck': {'lane_type': 'tsa_precheck', 'wait_time': 2.0}, 'West Checkpoint General': {'lane_type': 'general', 'wait_time': 10.0}}",BSKY
2025-02-19T06:26:55.266720,0.9390984254356232,American,American,"{'American': 1, 'Delta': 1, 'Southwest': 1, 'Spirit': 1, 'Frontier': 1}","{'American': 1, 'Spirit': 1}",5,2,100,107,7,2,6,4,"{'East Checkpoint General': {'lane_type': 'general', 'wait_time': 11.0}, 'South Checkpoint General': {'lane_type': 'general', 'wait_time': 2.5}, 'South Checkpoint TSA PreCheck': {'lane_type': 'tsa_precheck', 'wait_time': 2.0}, 'West Checkpoint General': {'lane_type': 'general', 'wait_time': 10.0}}",X
2025-02-19T06:55:21.598707,0.8971048367976477,Southwest,American,"{'American': 1, 'Delta': 1, 'Southwest': 2, 'Spirit': 1, 'Frontier': 1}","{'American': 1, 'Spirit': 1, 'Southwest': 1}",6,3,101,110,9,2,7,4,"{'East Checkpoint General': {'lane_type': 'general', 'wait_time': 11.0}, 'South Checkpoint General': {'lane_type': 'general', 'wait_time': 2.5}, 'South Checkpoint TSA PreCheck': {'lane_type': 'tsa_precheck', 'wait_time': 2.0}, 'West Checkpoint General': {'lane_type': 'general', 'wait_time': 14.0}}",BSKY
2025-02-19T07:25:24.021552,0.8709485247663773,Southwest,American,"{'Southwest': 2, 'Spirit': 2, 'Frontier': 1, 'JetBlue': 1, 'Delta': 1}","{'American': 1, 'Spirit': 1, 'Southwest': 1}",7,3,89,99,10,3,8,4,"{'East Checkpoint General': {'lane_type': 'general', 'wait_time': 8.0}, 'South Checkpoint General': {'lane_type': 'general', 'wait_time': 3.0}, 'South Checkpoint TSA PreCheck': {'lane_type': 'tsa_precheck', 'wait_time': 3.0}, 'West Checkpoint General': {'lane_type': 'general', 'wait_time': 20.0}}",BSKY
2025-02-19T07:55:27.000885,0.8828149897935597,JetBlue,American,"{'Spirit': 2, 'Frontier': 1, 'JetBlue': 3, 'Southwest': 1, 'Flair': 1, 'Delta': 1}","{'American': 1, 'Spirit': 1, 'Southwest': 1}",9,3,99,111,12,3,10,4,"{'East Checkpoint General': {'lane_type': 'general', 'wait_time': 14.0}, 'South Checkpoint General': {'lane_type': 'general', 'wait_time': 8.0}, 'South Checkpoint TSA PreCheck': {'lane_type': 'tsa_precheck', 'wait_time': 3.0}, 'West Checkpoint General': {'lane_type': 'general', 'wait_time': 15.0}}",BSKY
2025-02-19T07:56:57.661755,0.8775774147384929,JetBlue,American,"{'Spirit': 2, 'Frontier': 1, 'JetBlue': 3, 'Southwest': 1, 'Flair': 1, 'Delta': 1}","{'American': 1, 'Spirit': 1, 'Southwest': 1}",9,3,96,108,12,3,10,4,"{'East Checkpoint General': {'lane_type': 'general', 'wait_time': 14.0}, 'South Checkpoint General': {'lane_type': 'general', 'wait_time': 8.0}, 'South Checkpoint TSA PreCheck': {'lane_type': 'tsa_precheck', 'wait_time': 3.0}, 'West Checkpoint General': {'lane_type': 'general', 'wait_time': 15.0}}",X
2025-02-19T08:25:29.344261,0.8628709127024821,JetBlue,American,"{'Frontier': 1, 'JetBlue': 4, 'Spirit': 1, 'Southwest': 3, 'Flair': 1, 'Delta': 2}","{'American': 1, 'Spirit': 1, 'Southwest': 1}",12,3,95,110,9,4,7,4,"{'East Checkpoint General': {'lane_type': 'general', 'wait_time': 16.0}, 'South Checkpoint General': {'lane_type': 'general', 'wait_time': 2.5}, 'South Checkpoint TSA PreCheck': {'lane_type': 'tsa_precheck', 'wait_time': 4.0}, 'West Checkpoint General': {'lane_type': 'general', 'wait_time': 9.0}}",BSKY
2025-02-19T08:55:32.631830,0.7814469376960305,JetBlue,American,"{'JetBlue': 6, 'American': 1, 'Frontier': 2, 'Spirit': 1, 'Southwest': 5, 'Flair': 1, 'Delta': 4, 'WestJet': 1, 'Avelo Airlines': 1}","{'American': 1, 'Spirit': 1, 'Southwest': 1}",22,3,88,113,10,5,9,4,"{'East Checkpoint General': {'lane_type': 'general', 'wait_time': 15.0}, 'South Checkpoint General': {'lane_type': 'general', 'wait_time': 5.0}, 'South Checkpoint TSA PreCheck': {'lane_type': 'tsa_precheck', 'wait_time': 5.0}, 'West Checkpoint General': {'lane_type': 'general', 'wait_time': 12.0}}",BSKY
2025-02-19T09:25:34.849790,0.7155847795009551,JetBlue,American,"{'JetBlue': 7, 'United': 1, 'Southwest': 6, 'Flair': 1, 'Delta': 5, 'WestJet': 1, 'Avelo Airlines': 1, 'American': 1}","{'American': 2, 'Spirit': 1, 'Southwest': 1}",23,4,85,112,9,5,8,4,"{'East Checkpoint General': {'lane_type': 'general', 'wait_time': 14.0}, 'South Checkpoint General': {'lane_type': 'general', 'wait_time': 5.0}, 'South Checkpoint TSA PreCheck': {'lane_type': 'tsa_precheck', 'wait_time': 5.0}, 'West Checkpoint General': {'lane_type': 'general', 'wait_time': 9.0}}",BSKY
2025-02-19T09:27:00.077064,0.7113851877784637,JetBlue,American,"{'JetBlue': 7, 'United': 1, 'Southwest': 6, 'Flair': 1, 'Delta': 5, 'WestJet': 1, 'Avelo Airlines': 1, 'American': 1}","{'American': 2, 'Spirit': 1, 'Southwest': 1}",23,4,84,111,9,5,8,4,"{'East Checkpoint General': {'lane_type': 'general', 'wait_time': 14.0}, 'South Checkpoint General': {'lane_type': 'general', 'wait_time': 5.0}, 'South Checkpoint TSA PreCheck': {'lane_type': 'tsa_precheck', 'wait_time': 5.0}, 'West Checkpoint General': {'lane_type': 'general', 'wait_time': 9.0}}",X
2025-02-19T09:55:39.195593,0.6803574926039098,JetBlue,American,"{'JetBlue': 7, 'United': 2, 'Southwest': 6, 'American': 2, 'Flair': 1, 'Delta': 7, 'WestJet': 1, 'Avelo Airlines': 1, 'Silver Airways': 1}","{'American': 2, 'Spirit': 1, 'Southwest': 1}",28,4,82,114,8,3,6,4,"{'East Checkpoint General': {'lane_type': 'general', 'wait_time': 12.0}, 'South Checkpoint General': {'lane_type': 'general', 'wait_time': 5.0}, 'South Checkpoint TSA PreCheck': {'lane_type': 'tsa_precheck', 'wait_time': 3.0}, 'West Checkpoint General': {'lane_type': 'general', 'wait_time': 7.0}}",BSKY
2025-02-19T10:25:41.467776,0.7481801148614404,JetBlue,Southwest,"{'JetBlue': 7, 'United': 3, 'Southwest': 6, 'Flair': 1, 'Delta': 6, 'WestJet': 1, 'American': 3, 'Air Canada': 1, 'Avelo Airlines': 1, 'Silver Airways': 1}","{'Southwest': 1, 'American': 1}",30,2,80,112,10,2,8,4,"{'East Checkpoint General': {'lane_type': 'general', 'wait_time': 15.0}, 'South Checkpoint General': {'lane_type': 'general', 'wait_time': 7.0}, 'South Checkpoint TSA PreCheck': {'lane_type': 'tsa_precheck', 'wait_time': 2.5}, 'West Checkpoint General': {'lane_type': 'general', 'wait_time': 8.0}}",BSKY
2025-02-19T10:55:44.646585,0.7291915768797137,Southwest,Southwest,"{'JetBlue': 6, 'United': 3, 'Southwest': 8, 'Flair': 1, 'Delta': 5, 'WestJet': 1, 'American': 3, 'Air Canada': 1, 'Avelo Airlines': 1, 'Silver Airways': 1}","{'Southwest': 1, 'American': 1}",30,2,73,105,10,2,8,4,"{'East Checkpoint General': {'lane_type': 'general', 'wait_time': 12.0}, 'South Checkpoint General': {'lane_type': 'general', 'wait_time': 12.0}, 'South Checkpoint TSA PreCheck': {'lane_type': 'tsa_precheck', 'wait_time': 2.0}, 'West Checkpoint General': {'lane_type': 'general', 'wait_time': 8.0}}",BSKY
2025-02-19T10:57:02.704042,0.7291915768797137,Southwest,Southwest,"{'JetBlue': 6, 'United': 3, 'Southwest': 8, 'Flair': 1, 'Delta': 5, 'WestJet': 1, 'American': 3, 'Air Canada': 1, 'Avelo Airlines': 1, 'Silver Airways': 1}","{'Southwest': 1, 'American': 1}",30,2,73,105,10,2,8,4,"{'East Checkpoint General': {'lane_type': 'general', 'wait_time': 12.0}, 'South Checkpoint General': {'lane_type': 'general', 'wait_time': 12.0}, 'South Checkpoint TSA PreCheck': {'lane_type': 'tsa_precheck', 'wait_time': 2.0}, 'West Checkpoint General': {'lane_type': 'general', 'wait_time': 8.0}}",X
2025-02-19T11:25:46.998811,0.7614773755123865,Southwest,Southwest,"{'JetBlue': 4, 'United': 4, 'Southwest': 8, 'Flair': 1, 'Delta': 3, 'Air Canada': 1, 'Silver Airways': 1, 'American': 2, 'Sun Country': 1}","{'Southwest': 1, 'American': 1}",25,2,75,102,10,3,8,4,"{'East Checkpoint General': {'lane_type': 'general', 'wait_time': 10.0}, 'South Checkpoint General': {'lane_type': 'general', 'wait_time': 12.0}, 'South Checkpoint TSA PreCheck': {'lane_type': 'tsa_precheck', 'wait_time': 3.0}, 'West Checkpoint General': {'lane_type': 'general', 'wait_time': 10.0}}",BSKY
2025-02-19T11:55:49.523871,0.8227725541366437,Southwest,American,"{'JetBlue': 4, 'United': 3, 'Delta': 2, 'Air Canada': 1, 'Southwest': 6, 'Silver Airways': 1, 'American': 2, 'Sun Country': 1, 'Frontier': 1}",{'American': 1},21,1,75,97,8,2,7,4,"{'East Checkpoint General': {'lane_type': 'general', 'wait_time': 8.0}, 'South Checkpoint General': {'lane_type': 'general', 'wait_time': 8.0}, 'South Checkpoint TSA PreCheck': {'lane_type': 'tsa_precheck', 'wait_time': 2.5}, 'West Checkpoint General': {'lane_type': 'general', 'wait_time': 10.0}}",BSKY
2025-02-19T12:25:51.710014,0.8192404873959649,Southwest,American,"{'United': 2, 'Delta': 3, 'Air Canada': 1, 'Silver Airways': 1, 'Southwest': 7, 'JetBlue': 4, 'American': 2, 'Frontier': 2, 'Sun Country': 1}",{'American': 1},23,1,80,104,8,2,6,4,"{'East Checkpoint General': {'lane_type': 'general', 'wait_time': 8.0}, 'South Checkpoint General': {'lane_type': 'general', 'wait_time': 6.0}, 'South Checkpoint TSA PreCheck': {'lane_type': 'tsa_precheck', 'wait_time': 2.5}, 'West Checkpoint General': {'lane_type': 'general', 'wait_time': 10.0}}",BSKY
2025-02-19T12:27:05.080104,0.8273900442064052,Southwest,American,"{'United': 2, 'Delta': 3, 'Air Canada': 1, 'Silver Airways': 1, 'Southwest': 6, 'JetBlue': 4, 'American': 2, 'Frontier': 2, 'Sun Country': 1}",{'American': 1},22,1,80,103,8,2,6,4,"{'East Checkpoint General': {'lane_type': 'general', 'wait_time': 8.0}, 'South Checkpoint General': {'lane_type': 'general', 'wait_time': 6.0}, 'South Checkpoint TSA PreCheck': {'lane_type': 'tsa_precheck', 'wait_time': 2.5}, 'West Checkpoint General': {'lane_type': 'general', 'wait_time': 10.0}}",X
2025-02-19T12:55:54.397152,0.7798754070898152,Southwest,American,"{'United': 2, 'Air Canada': 1, 'Southwest': 5, 'Sun Country': 1, 'American': 1, 'JetBlue': 4, 'Bahamasair': 1, 'Frontier': 3, 'Porter': 1, 'Delta': 2, 'Breeze Airways': 1, 'Spirit': 1}",{'American': 1},23,1,66,90,9,2,7,4,"{'East Checkpoint General': {'lane_type': 'general', 'wait_time': 10.0}, 'South Checkpoint General': {'lane_type': 'general', 'wait_time': 7.0}, 'South Checkpoint TSA PreCheck': {'lane_type': 'tsa_precheck', 'wait_time': 2.0}, 'West Checkpoint General': {'lane_type': 'general', 'wait_time': 10.0}}",BSKY
2025-02-19T13:25:56.944118,0.8094046517897355,JetBlue,American,"{'United': 2, 'American': 2, 'Southwest': 3, 'JetBlue': 4, 'Bahamasair': 1, 'Frontier': 4, 'Porter': 1, 'Delta': 2, 'Breeze Airways': 1, 'Spirit': 2, 'Flair': 1}",{'American': 1},23,1,77,101,9,3,7,4,"{'East Checkpoint General': {'lane_type': 'general', 'wait_time': 12.0}, 'South Checkpoint General': {'lane_type': 'general', 'wait_time': 5.0}, 'South Checkpoint TSA PreCheck': {'lane_type': 'tsa_precheck', 'wait_time': 3.0}, 'West Checkpoint General': {'lane_type': 'general', 'wait_time': 10.0}}",BSKY
2025-02-19T13:56:00.216065,0.7630614524403135,Southwest,American,"{'United': 1, 'Southwest': 8, 'JetBlue': 4, 'Frontier': 4, 'American': 2, 'Porter': 1, 'Delta': 2, 'Breeze Airways': 1, 'Spirit': 2, 'Flair': 1, 'Avelo Airlines': 1}",{'American': 2},27,2,79,108,8,2,6,4,"{'East Checkpoint General': {'lane_type': 'general', 'wait_time': 14.0}, 'South Checkpoint General': {'lane_type': 'general', 'wait_time': 2.5}, 'South Checkpoint TSA PreCheck': {'lane_type': 'tsa_precheck', 'wait_time': 2.0}, 'West Checkpoint General': {'lane_type': 'general', 'wait_time': 8.0}}",BSKY
2025-02-19T13:57:07.542143,0.7601510865864104,Southwest,American,"{'United': 1, 'Southwest': 8, 'JetBlue': 4, 'Frontier': 4, 'American': 2, 'Porter': 1, 'Delta': 2, 'Breeze Airways': 1, 'Spirit': 2, 'Flair': 1, 'Avelo Airlines': 1}",{'American': 2},27,2,78,107,8,2,6,4,"{'East Checkpoint General': {'lane_type': 'general', 'wait_time': 14.0}, 'South Checkpoint General': {'lane_type': 'general', 'wait_time': 2.5}, 'South Checkpoint TSA PreCheck': {'lane_type': 'tsa_precheck', 'wait_time': 2.0}, 'West Checkpoint General': {'lane_type': 'general', 'wait_time': 8.0}}",X
2025-02-19T14:26:02.582480,0.7767617872697051,Southwest,American,"{'United': 1, 'Southwest': 7, 'JetBlue': 4, 'Frontier': 4, 'American': 2, 'Porter': 1, 'Delta': 3, 'Breeze Airways': 1, 'Spirit': 3, 'Flair': 1, 'Avelo Airlines': 1, 'Air Canada': 1}",{'American': 1},29,1,80,110,10,2,8,4,"{'East Checkpoint General': {'lane_type': 'general', 'wait_time': 15.0}, 'South Checkpoint General': {'lane_type': 'general', 'wait_time': 4.0}, 'South Checkpoint TSA PreCheck': {'lane_type': 'tsa_precheck', 'wait_time': 2.0}, 'West Checkpoint General': {'lane_type': 'general', 'wait_time': 12.0}}",BSKY
2025-02-19T14:56:05.270124,0.7810075960603169,Southwest,American,"{'United': 1, 'JetBlue': 4, 'Frontier': 3, 'American': 2, 'Porter': 1, 'Delta': 3, 'Southwest': 6, 'Breeze Airways': 1, 'Spirit': 3, 'Flair': 1, 'Avelo Airlines': 1, 'Air Canada': 1}",{'American': 1},27,1,77,105,12,2,10,4,"{'East Checkpoint General': {'lane_type': 'general', 'wait_time': 15.0}, 'South Checkpoint General': {'lane_type': 'general', 'wait_time': 3.0}, 'South Checkpoint TSA PreCheck': {'lane_type': 'tsa_precheck', 'wait_time': 2.0}, 'West Checkpoint General': {'lane_type': 'general', 'wait_time': 20.0}}",BSKY
2025-02-19T15:26:07.508769,0.8085337254681065,JetBlue,American,"{'JetBlue': 5, 'Frontier': 3, 'American': 3, 'Porter': 1, 'Flair': 1, 'Spirit': 2, 'Southwest': 5, 'Avelo Airlines': 1, 'Delta': 1, 'Air Canada': 1}",{'American': 1},23,1,77,101,15,2,12,4,"{'East Checkpoint General': {'lane_type': 'general', 'wait_time': 10.0}, 'South Checkpoint General': {'lane_type': 'general', 'wait_time': 5.0}, 'South Checkpoint TSA PreCheck': {'lane_type': 'tsa_precheck', 'wait_time': 2.0}, 'West Checkpoint General': {'lane_type': 'general', 'wait_time': 32.0}}",BSKY
2025-02-19T15:27:09.985570,0.8031485506933567,JetBlue,American,"{'JetBlue': 5, 'Frontier': 3, 'American': 3, 'Porter': 1, 'Flair': 1, 'Spirit': 2, 'Southwest': 5, 'Avelo Airlines': 1, 'Delta': 1, 'Air Canada': 1}",{'American': 1},23,1,75,99,15,2,12,4,"{'East Checkpoint General': {'lane_type': 'general', 'wait_time': 10.0}, 'South Checkpoint General': {'lane_type': 'general', 'wait_time': 5.0}, 'South Checkpoint TSA PreCheck': {'lane_type': 'tsa_precheck', 'wait_time': 2.0}, 'West Checkpoint General': {'lane_type': 'general', 'wait_time': 32.0}}",X
2025-02-19T15:56:10.099082,0.8101276832054765,Southwest,American,"{'American': 4, 'Porter': 2, 'Frontier': 2, 'Flair': 1, 'JetBlue': 4, 'Delta': 3, 'Southwest': 6, 'Avelo Airlines': 1, 'Spirit': 1, 'Air Canada': 1}",{'American': 1},25,1,86,112,15,5,13,4,"{'East Checkpoint General': {'lane_type': 'general', 'wait_time': 7.0}, 'South Checkpoint General': {'lane_type': 'general', 'wait_time': 5.0}, 'South Checkpoint TSA PreCheck': {'lane_type': 'tsa_precheck', 'wait_time': 5.0}, 'West Checkpoint General': {'lane_type': 'general', 'wait_time': 35.0}}",BSKY
2025-02-19T16:26:12.506230,0.7699688803427271,Southwest,American,"{'American': 5, 'Porter': 2, 'Frontier': 4, 'Delta': 4, 'JetBlue': 6, 'Southwest': 7, 'Spirit': 1, 'Air Canada': 1, 'United': 1, 'Discover': 1}",{'American': 1},32,1,84,117,8,2,7,4,"{'East Checkpoint General': {'lane_type': 'general', 'wait_time': 7.0}, 'South Checkpoint General': {'lane_type': 'general', 'wait_time': 5.0}, 'South Checkpoint TSA PreCheck': {'lane_type': 'tsa_precheck', 'wait_time': 2.5}, 'West Checkpoint General': {'lane_type': 'general', 'wait_time': 14.0}}",BSKY
2025-02-19T16:56:15.153510,0.804927018746151,JetBlue,American,"{'Porter': 2, 'Air Canada': 1, 'American': 5, 'Frontier': 2, 'Delta': 4, 'JetBlue': 6, 'Southwest': 3, 'United': 1, 'Discover': 1}",{'American': 1},25,1,81,107,7,3,6,4,"{'East Checkpoint General': {'lane_type': 'general', 'wait_time': 10.0}, 'South Checkpoint General': {'lane_type': 'general', 'wait_time': 4.0}, 'South Checkpoint TSA PreCheck': {'lane_type': 'tsa_precheck', 'wait_time': 3.0}, 'West Checkpoint General': {'lane_type': 'general', 'wait_time': 7.0}}",BSKY
2025-02-19T16:57:12.358061,0.804927018746151,JetBlue,American,"{'Porter': 2, 'Air Canada': 1, 'American': 5, 'Frontier': 2, 'Delta': 4, 'JetBlue': 6, 'Southwest': 3, 'United': 1, 'Discover': 1}",{'American': 1},25,1,81,107,7,3,6,4,"{'East Checkpoint General': {'lane_type': 'general', 'wait_time': 10.0}, 'South Checkpoint General': {'lane_type': 'general', 'wait_time': 4.0}, 'South Checkpoint TSA PreCheck': {'lane_type': 'tsa_precheck', 'wait_time': 3.0}, 'West Checkpoint General': {'lane_type': 'general', 'wait_time': 7.0}}",X
2025-02-19T17:26:17.627152,0.7664430462645087,Delta,American,"{'Porter': 2, 'Air Canada': 1, 'Delta': 6, 'Southwest': 3, 'JetBlue': 6, 'American': 4, 'United': 1, 'Silver Airways': 1, 'Discover': 1}",{'American': 1},25,1,66,92,7,2,5,4,"{'East Checkpoint General': {'lane_type': 'general', 'wait_time': 10.0}, 'South Checkpoint General': {'lane_type': 'general', 'wait_time': 4.0}, 'South Checkpoint TSA PreCheck': {'lane_type': 'tsa_precheck', 'wait_time': 2.5}, 'West Checkpoint General': {'lane_type': 'general', 'wait_time': 7.0}}",BSKY
2025-02-19T17:56:20.221604,0.7073744853780033,JetBlue,American,"{'Porter': 3, 'Air Canada': 1, 'Delta': 5, 'JetBlue': 9, 'American': 3, 'United': 1, 'Silver Airways': 1, 'Avelo Airlines': 1, 'Southwest': 3, 'Discover': 1, 'Spirit': 3}",{'American': 1},31,1,55,87,7,6,7,4,"{'East Checkpoint General': {'lane_type': 'general', 'wait_time': 12.0}, 'South Checkpoint General': {'lane_type': 'general', 'wait_time': 3.0}, 'South Checkpoint TSA PreCheck': {'lane_type': 'tsa_precheck', 'wait_time': 6.0}, 'West Checkpoint General': {'lane_type': 'general', 'wait_time': 7.0}}",BSKY
2025-02-19T18:26:22.391249,0.6950948922592628,JetBlue,American,"{'Porter': 3, 'Air Canada': 1, 'Delta': 5, 'JetBlue': 7, 'American': 4, 'United': 2, 'Frontier': 2, 'Avelo Airlines': 1, 'Southwest': 6, 'Alaska': 1, 'Spirit': 2, 'Sun Country': 1}",{'American': 1},35,1,45,81,8,2,6,4,"{'East Checkpoint General': {'lane_type': 'general', 'wait_time': 7.0}, 'South Checkpoint General': {'lane_type': 'general', 'wait_time': 7.0}, 'South Checkpoint TSA PreCheck': {'lane_type': 'tsa_precheck', 'wait_time': 2.5}, 'West Checkpoint General': {'lane_type': 'general', 'wait_time': 10.0}}",BSKY
2025-02-19T18:27:16.179392,0.693619093326538,JetBlue,American,"{'Porter': 3, 'Air Canada': 1, 'Delta': 5, 'JetBlue': 7, 'American': 4, 'United': 2, 'Frontier': 3, 'Avelo Airlines': 1, 'Southwest': 6, 'Alaska': 1, 'Spirit': 2, 'Sun Country': 1}",{'American': 1},36,1,44,81,8,2,6,4,"{'East Checkpoint General': {'lane_type': 'general', 'wait_time': 7.0}, 'South Checkpoint General': {'lane_type': 'general', 'wait_time': 7.0}, 'South Checkpoint TSA PreCheck': {'lane_type': 'tsa_precheck', 'wait_time': 2.5}, 'West Checkpoint General': {'lane_type': 'general', 'wait_time': 10.0}}",X
2025-02-19T18:56:25.391294,0.7201006509092382,JetBlue,,"{'Porter': 2, 'United': 2, 'Air Canada': 2, 'JetBlue': 6, 'Frontier': 2, 'Avelo Airlines': 1, 'American': 3, 'Delta': 3, 'Southwest': 3, 'Spirit': 2, 'Sun Country': 1}",{},27,0,37,64,7,2,5,4,"{'East Checkpoint General': {'lane_type': 'general', 'wait_time': 6.0}, 'South Checkpoint General': {'lane_type': 'general', 'wait_time': 5.0}, 'South Checkpoint TSA PreCheck': {'lane_type': 'tsa_precheck', 'wait_time': 2.0}, 'West Checkpoint General': {'lane_type': 'general', 'wait_time': 10.0}}",BSKY
2025-02-19T19:26:27.551501,0.7166662454514529,JetBlue,,"{'United': 1, 'JetBlue': 6, 'Frontier': 2, 'Avelo Airlines': 1, 'American': 2, 'Delta': 2, 'Southwest': 2, 'Spirit': 2, 'Porter': 1, 'Sun Country': 1, 'Air Canada': 1}",{},21,0,25,46,4,2,4,4,"{'East Checkpoint General': {'lane_type': 'general', 'wait_time': 6.0}, 'South Checkpoint General': {'lane_type': 'general', 'wait_time': 2.5}, 'South Checkpoint TSA PreCheck': {'lane_type': 'tsa_precheck', 'wait_time': 2.0}, 'West Checkpoint General': {'lane_type': 'general', 'wait_time': 6.0}}",BSKY
2025-02-19T19:56:30.007455,0.7134910770860778,JetBlue,,"{'United': 1, 'JetBlue': 5, 'Avelo Airlines': 1, 'American': 2, 'Spirit': 2, 'Delta': 1, 'Frontier': 1, 'Southwest': 1, 'Porter': 1, 'Sun Country': 1, 'Air Canada': 1}",{},17,0,17,34,5,2,4,4,"{'East Checkpoint General': {'lane_type': 'general', 'wait_time': 7.0}, 'South Checkpoint General': {'lane_type': 'general', 'wait_time': 2.0}, 'South Checkpoint TSA PreCheck': {'lane_type': 'tsa_precheck', 'wait_time': 2.0}, 'West Checkpoint General': {'lane_type': 'general', 'wait_time': 6.0}}",BSKY
2025-02-19T19:57:18.546406,0.7134910770860778,JetBlue,,"{'United': 1, 'JetBlue': 5, 'Avelo Airlines': 1, 'American': 2, 'Spirit': 2, 'Delta': 1, 'Frontier': 1, 'Southwest': 1, 'Porter': 1, 'Sun Country': 1, 'Air Canada': 1}",{},17,0,17,34,5,2,4,4,"{'East Checkpoint General': {'lane_type': 'general', 'wait_time': 7.0}, 'South Checkpoint General': {'lane_type': 'general', 'wait_time': 2.0}, 'South Checkpoint TSA PreCheck': {'lane_type': 'tsa_precheck', 'wait_time': 2.0}, 'West Checkpoint General': {'lane_type': 'general', 'wait_time': 6.0}}",X
2025-02-19T20:26:32.280850,0.7168506721758978,JetBlue,,"{'United': 1, 'JetBlue': 3, 'American': 2, 'Delta': 1, 'Southwest': 1, 'Sun Country': 1, 'Air Canada': 1}",{},10,0,12,22,4,2,3,4,"{'East Checkpoint General': {'lane_type': 'general', 'wait_time': 5.0}, 'South Checkpoint General': {'lane_type': 'general', 'wait_time': 2.0}, 'South Checkpoint TSA PreCheck': {'lane_type': 'tsa_precheck', 'wait_time': 2.0}, 'West Checkpoint General': {'lane_type': 'general', 'wait_time': 6.0}}",BSKY
2025-02-19T20:56:34.939380,0.7601547340722841,United,,"{'United': 1, 'Southwest': 1, 'JetBlue': 1, 'Air Canada': 1}",{},4,0,9,13,4,2,3,4,"{'East Checkpoint General': {'lane_type': 'general', 'wait_time': 6.0}, 'South Checkpoint General': {'lane_type': 'general', 'wait_time': 2.5}, 'South Checkpoint TSA PreCheck': {'lane_type': 'tsa_precheck', 'wait_time': 2.0}, 'West Checkpoint General': {'lane_type': 'general', 'wait_time': 5.0}}",BSKY
2025-02-19T21:26:37.331932,0.7109122391730682,United,,"{'United': 1, 'American': 1, 'Southwest': 1, 'Sun Country': 1, 'Frontier': 1}",{},5,0,3,8,4,2,3,4,"{'East Checkpoint General': {'lane_type': 'general', 'wait_time': 5.0}, 'South Checkpoint General': {'lane_type': 'general', 'wait_time': 2.0}, 'South Checkpoint TSA PreCheck': {'lane_type': 'tsa_precheck', 'wait_time': 2.0}, 'West Checkpoint General': {'lane_type': 'general', 'wait_time': 5.0}}",BSKY
2025-02-19T21:27:20.728536,0.7109122391730682,United,,"{'United': 1, 'American': 1, 'Southwest': 1, 'Sun Country': 1, 'Frontier': 1}",{},5,0,3,8,4,2,3,4,"{'East Checkpoint General': {'lane_type': 'general', 'wait_time': 5.0}, 'South Checkpoint General': {'lane_type': 'general', 'wait_time': 2.0}, 'South Checkpoint TSA PreCheck': {'lane_type': 'tsa_precheck', 'wait_time': 2.0}, 'West Checkpoint General': {'lane_type': 'general', 'wait_time': 5.0}}",X
2025-02-19T21:56:39.713953,0.7104390408224336,Frontier,,"{'United': 1, 'Sun Country': 1, 'Frontier': 2}",{},4,0,1,5,4,2,3,4,"{'East Checkpoint General': {'lane_type': 'general', 'wait_time': 5.0}, 'South Checkpoint General': {'lane_type': 'general', 'wait_time': 2.5}, 'South Checkpoint TSA PreCheck': {'lane_type': 'tsa_precheck', 'wait_time': 2.0}, 'West Checkpoint General': {'lane_type': 'general', 'wait_time': 5.0}}",BSKY
2025-02-19T22:26:41.643371,0.71046830965522,Sun Country,,"{'Sun Country': 1, 'Frontier': 1}",{},2,0,1,3,5,2,4,4,"{'East Checkpoint General': {'lane_type': 'general', 'wait_time': 5.0}, 'South Checkpoint General': {'lane_type': 'general', 'wait_time': 7.0}, 'South Checkpoint TSA PreCheck': {'lane_type': 'tsa_precheck', 'wait_time': 2.0}, 'West Checkpoint General': {'lane_type': 'general', 'wait_time': 5.0}}",BSKY
2025-02-19T22:56:43.937886,0.7104038657020183,Sun Country,,{'Sun Country': 1},{},1,0,0,1,4,2,3,4,"{'East Checkpoint General': {'lane_type': 'general', 'wait_time': 5.0}, 'South Checkpoint General': {'lane_type': 'general', 'wait_time': 2.0}, 'South Checkpoint TSA PreCheck': {'lane_type': 'tsa_precheck', 'wait_time': 2.0}, 'West Checkpoint General': {'lane_type': 'general', 'wait_time': 5.0}}",BSKY
2025-02-19T22:57:22.829988,0.7104038657020183,Sun Country,,{'Sun Country': 1},{},1,0,0,1,4,2,3,4,"{'East Checkpoint General': {'lane_type': 'general', 'wait_time': 5.0}, 'South Checkpoint General': {'lane_type': 'general', 'wait_time': 2.0}, 'South Checkpoint TSA PreCheck': {'lane_type': 'tsa_precheck', 'wait_time': 2.0}, 'West Checkpoint General': {'lane_type': 'general', 'wait_time': 5.0}}",X
2025-02-19T23:26:45.939011,0.7104038657020183,Sun Country,,{'Sun Country': 1},{},1,0,0,1,4,2,4,4,"{'East Checkpoint General': {'lane_type': 'general', 'wait_time': 5.0}, 'South Checkpoint General': {'lane_type': 'general', 'wait_time': 4.0}, 'South Checkpoint TSA PreCheck': {'lane_type': 'tsa_precheck', 'wait_time': 2.0}, 'West Checkpoint General': {'lane_type': 'general', 'wait_time': 5.0}}",BSKY
2025-02-19T23:56:47.320413,0.9961742604963676,,,{},{},0,0,0,0,4,2,3,4,"{'East Checkpoint General': {'lane_type': 'general', 'wait_time': 5.0}, 'South Checkpoint General': {'lane_type': 'general', 'wait_time': 2.5}, 'South Checkpoint TSA PreCheck': {'lane_type': 'tsa_precheck', 'wait_time': 2.0}, 'West Checkpoint General': {'lane_type': 'general', 'wait_time': 5.0}}",BSKY
2025-02-20T00:26:48.697764,0.9961742604963676,,,{},{},0,0,0,0,4,2,3,4,"{'East Checkpoint General': {'lane_type': 'general', 'wait_time': 5.0}, 'South Checkpoint General': {'lane_type': 'general', 'wait_time': 2.0}, 'South Checkpoint TSA PreCheck': {'lane_type': 'tsa_precheck', 'wait_time': 2.0}, 'West Checkpoint General': {'lane_type': 'general', 'wait_time': 5.0}}",BSKY
2025-02-20T00:27:24.173192,0.9961742604963676,,,{},{},0,0,0,0,4,2,3,4,"{'East Checkpoint General': {'lane_type': 'general', 'wait_time': 5.0}, 'South Checkpoint General': {'lane_type': 'general', 'wait_time': 2.0}, 'South Checkpoint TSA PreCheck': {'lane_type': 'tsa_precheck', 'wait_time': 2.0}, 'West Checkpoint General': {'lane_type': 'general', 'wait_time': 5.0}}",X
2025-02-20T00:56:50.917893,0.9961742604963676,,,{},{},0,0,1,1,4,2,3,4,"{'East Checkpoint General': {'lane_type': 'general', 'wait_time': 5.0}, 'South Checkpoint General': {'lane_type': 'general', 'wait_time': 2.0}, 'South Checkpoint TSA PreCheck': {'lane_type': 'tsa_precheck', 'wait_time': 2.0}, 'West Checkpoint General': {'lane_type': 'general', 'wait_time': 5.0}}",BSKY
2025-02-20T01:26:52.780778,0.9210210334133165,American,,"{'American': 1, 'Frontier': 1}",{},2,0,12,14,4,2,3,4,"{'East Checkpoint General': {'lane_type': 'general', 'wait_time': 5.0}, 'South Checkpoint General': {'lane_type': 'general', 'wait_time': 2.0}, 'South Checkpoint TSA PreCheck': {'lane_type': 'tsa_precheck', 'wait_time': 2.0}, 'West Checkpoint General': {'lane_type': 'general', 'wait_time': 5.0}}",BSKY
2025-02-20T01:56:54.822194,0.8495087569207244,Frontier,American,{'Frontier': 2},{'American': 1},2,1,26,29,4,2,3,4,"{'East Checkpoint General': {'lane_type': 'general', 'wait_time': 5.0}, 'South Checkpoint General': {'lane_type': 'general', 'wait_time': 2.0}, 'South Checkpoint TSA PreCheck': {'lane_type': 'tsa_precheck', 'wait_time': 2.0}, 'West Checkpoint General': {'lane_type': 'general', 'wait_time': 5.0}}",BSKY
2025-02-20T01:57:26.292128,0.8495087569207244,Frontier,American,{'Frontier': 2},{'American': 1},2,1,26,29,4,2,3,4,"{'East Checkpoint General': {'lane_type': 'general', 'wait_time': 5.0}, 'South Checkpoint General': {'lane_type': 'general', 'wait_time': 2.0}, 'South Checkpoint TSA PreCheck': {'lane_type': 'tsa_precheck', 'wait_time': 2.0}, 'West Checkpoint General': {'lane_type': 'general', 'wait_time': 5.0}}",X
2025-02-20T02:26:57.504453,0.9143907671093743,Frontier,American,{'Frontier': 2},{'American': 1},2,1,38,41,7,2,6,4,"{'East Checkpoint General': {'lane_type': 'general', 'wait_time': 5.0}, 'South Checkpoint General': {'lane_type': 'general', 'wait_time': 9.0}, 'South Checkpoint TSA PreCheck': {'lane_type': 'tsa_precheck', 'wait_time': 2.0}, 'West Checkpoint General': {'lane_type': 'general', 'wait_time': 8.0}}",BSKY
2025-02-20T02:57:00.308755,0.9470511377718842,Frontier,American,"{'Frontier': 2, 'American': 1}",{'American': 1},3,1,58,62,8,2,6,4,"{'East Checkpoint General': {'lane_type': 'general', 'wait_time': 5.0}, 'South Checkpoint General': {'lane_type': 'general', 'wait_time': 4.0}, 'South Checkpoint TSA PreCheck': {'lane_type': 'tsa_precheck', 'wait_time': 2.0}, 'West Checkpoint General': {'lane_type': 'general', 'wait_time': 16.0}}",BSKY
2025-02-20T03:27:02.576235,0.9647523126647606,Frontier,American,"{'Frontier': 2, 'American': 1}",{'American': 1},3,1,82,86,8,2,6,4,"{'East Checkpoint General': {'lane_type': 'general', 'wait_time': 7.0}, 'South Checkpoint General': {'lane_type': 'general', 'wait_time': 4.0}, 'South Checkpoint TSA PreCheck': {'lane_type': 'tsa_precheck', 'wait_time': 2.0}, 'West Checkpoint General': {'lane_type': 'general', 'wait_time': 14.0}}",BSKY
2025-02-20T03:27:28.547126,0.9647523126647606,Frontier,American,"{'Frontier': 2, 'American': 1}",{'American': 1},3,1,82,86,8,2,6,4,"{'East Checkpoint General': {'lane_type': 'general', 'wait_time': 7.0}, 'South Checkpoint General': {'lane_type': 'general', 'wait_time': 4.0}, 'South Checkpoint TSA PreCheck': {'lane_type': 'tsa_precheck', 'wait_time': 2.0}, 'West Checkpoint General': {'lane_type': 'general', 'wait_time': 14.0}}",X
2025-02-20T03:57:05.170880,0.9713876849207415,Frontier,American,"{'Frontier': 2, 'American': 1}",{'American': 1},3,1,102,106,10,2,8,4,"{'East Checkpoint General': {'lane_type': 'general', 'wait_time': 10.0}, 'South Checkpoint General': {'lane_type': 'general', 'wait_time': 3.0}, 'South Checkpoint TSA PreCheck': {'lane_type': 'tsa_precheck', 'wait_time': 2.0}, 'West Checkpoint General': {'lane_type': 'general', 'wait_time': 18.0}}",BSKY
2025-02-20T04:27:07.661748,0.972703973614125,Frontier,American,"{'Frontier': 1, 'American': 1, 'JetBlue': 1}",{'American': 1},3,1,107,111,10,2,8,4,"{'East Checkpoint General': {'lane_type': 'general', 'wait_time': 10.0}, 'South Checkpoint General': {'lane_type': 'general', 'wait_time': 4.0}, 'South Checkpoint TSA PreCheck': {'lane_type': 'tsa_precheck', 'wait_time': 2.5}, 'West Checkpoint General': {'lane_type': 'general', 'wait_time': 16.0}}",BSKY
2025-02-20T04:57:10.719582,0.9715364102565603,American,American,"{'American': 1, 'JetBlue': 1}",{'American': 1},2,1,105,108,13,3,10,4,"{'East Checkpoint General': {'lane_type': 'general', 'wait_time': 12.0}, 'South Checkpoint General': {'lane_type': 'general', 'wait_time': 9.0}, 'South Checkpoint TSA PreCheck': {'lane_type': 'tsa_precheck', 'wait_time': 3.0}, 'West Checkpoint General': {'lane_type': 'general', 'wait_time': 18.0}}",BSKY
2025-02-20T04:57:30.827592,0.9715364102565603,American,American,"{'American': 1, 'JetBlue': 1}",{'American': 1},2,1,105,108,13,3,10,4,"{'East Checkpoint General': {'lane_type': 'general', 'wait_time': 12.0}, 'South Checkpoint General': {'lane_type': 'general', 'wait_time': 9.0}, 'South Checkpoint TSA PreCheck': {'lane_type': 'tsa_precheck', 'wait_time': 3.0}, 'West Checkpoint General': {'lane_type': 'general', 'wait_time': 18.0}}",X
2025-02-20T05:27:14.381682,0.9715555639611057,American,American,"{'American': 1, 'JetBlue': 1, 'Southwest': 1}",{'American': 1},3,1,108,112,9,3,7,4,"{'East Checkpoint General': {'lane_type': 'general', 'wait_time': 9.0}, 'South Checkpoint General': {'lane_type': 'general', 'wait_time': 2.5}, 'South Checkpoint TSA PreCheck': {'lane_type': 'tsa_precheck', 'wait_time': 3.0}, 'West Checkpoint General': {'lane_type': 'general', 'wait_time': 16.0}}",BSKY
2025-02-20T05:57:17.044388,0.9710967998762218,Southwest,American,"{'JetBlue': 1, 'Southwest': 2, 'Spirit': 1}",{'American': 1},4,1,106,111,6,2,5,4,"{'East Checkpoint General': {'lane_type': 'general', 'wait_time': 6.0}, 'South Checkpoint General': {'lane_type': 'general', 'wait_time': 2.5}, 'South Checkpoint TSA PreCheck': {'lane_type': 'tsa_precheck', 'wait_time': 2.0}, 'West Checkpoint General': {'lane_type': 'general', 'wait_time': 10.0}}",BSKY
2025-02-20T06:27:19.396118,0.9712417903578133,Southwest,,"{'American': 1, 'JetBlue': 2, 'Southwest': 3, 'Spirit': 2}",{},8,0,102,110,6,2,5,4,"{'East Checkpoint General': {'lane_type': 'general', 'wait_time': 6.0}, 'South Checkpoint General': {'lane_type': 'general', 'wait_time': 2.5}, 'South Checkpoint TSA PreCheck': {'lane_type': 'tsa_precheck', 'wait_time': 2.5}, 'West Checkpoint General': {'lane_type': 'general', 'wait_time': 11.0}}",BSKY
2025-02-20T06:27:33.137642,0.9712417903578133,Southwest,,"{'American': 1, 'JetBlue': 2, 'Southwest': 3, 'Spirit': 2}",{},8,0,102,110,6,2,5,4,"{'East Checkpoint General': {'lane_type': 'general', 'wait_time': 6.0}, 'South Checkpoint General': {'lane_type': 'general', 'wait_time': 2.5}, 'South Checkpoint TSA PreCheck': {'lane_type': 'tsa_precheck', 'wait_time': 2.5}, 'West Checkpoint General': {'lane_type': 'general', 'wait_time': 11.0}}",X
2025-02-20T06:57:22.709843,0.9650234170748571,JetBlue,,"{'JetBlue': 4, 'Southwest': 3, 'Spirit': 2}",{},9,0,99,108,8,2,6,4,"{'East Checkpoint General': {'lane_type': 'general', 'wait_time': 6.0}, 'South Checkpoint General': {'lane_type': 'general', 'wait_time': 3.0}, 'South Checkpoint TSA PreCheck': {'lane_type': 'tsa_precheck', 'wait_time': 2.5}, 'West Checkpoint General': {'lane_type': 'general', 'wait_time': 15.0}}",BSKY
2025-02-20T07:27:25.197821,0.9454335704379789,JetBlue,,"{'JetBlue': 5, 'Southwest': 4, 'Spirit': 2, 'Delta': 1}",{},12,0,96,108,12,2,9,4,"{'East Checkpoint General': {'lane_type': 'general', 'wait_time': 6.0}, 'South Checkpoint General': {'lane_type': 'general', 'wait_time': 4.0}, 'South Checkpoint TSA PreCheck': {'lane_type': 'tsa_precheck', 'wait_time': 2.0}, 'West Checkpoint General': {'lane_type': 'general', 'wait_time': 26.0}}",BSKY
2025-02-20T07:57:27.757215,0.9302340185778987,JetBlue,,"{'JetBlue': 5, 'Southwest': 3, 'Spirit': 2, 'Frontier': 2, 'Delta': 2}",{},14,0,100,114,8,6,7,4,"{'East Checkpoint General': {'lane_type': 'general', 'wait_time': 7.0}, 'South Checkpoint General': {'lane_type': 'general', 'wait_time': 4.0}, 'South Checkpoint TSA PreCheck': {'lane_type': 'tsa_precheck', 'wait_time': 6.0}, 'West Checkpoint General': {'lane_type': 'general', 'wait_time': 13.0}}",BSKY
2025-02-20T07:57:35.558930,0.9284235245028969,JetBlue,,"{'JetBlue': 5, 'Southwest': 3, 'Spirit': 2, 'Frontier': 2, 'Delta': 2}",{},14,0,98,112,8,6,7,4,"{'East Checkpoint General': {'lane_type': 'general', 'wait_time': 7.0}, 'South Checkpoint General': {'lane_type': 'general', 'wait_time': 4.0}, 'South Checkpoint TSA PreCheck': {'lane_type': 'tsa_precheck', 'wait_time': 6.0}, 'West Checkpoint General': {'lane_type': 'general', 'wait_time': 13.0}}",X
2025-02-20T08:27:30.207668,0.9112753444338968,JetBlue,,"{'Southwest': 2, 'Frontier': 3, 'JetBlue': 4, 'Delta': 2, 'Spirit': 1, 'Avelo Airlines': 1, 'Air Transat': 1, 'WestJet': 1, 'Air Canada': 1}",{},16,0,91,107,10,3,8,4,"{'East Checkpoint General': {'lane_type': 'general', 'wait_time': 17.0}, 'South Checkpoint General': {'lane_type': 'general', 'wait_time': 5.0}, 'South Checkpoint TSA PreCheck': {'lane_type': 'tsa_precheck', 'wait_time': 3.0}, 'West Checkpoint General': {'lane_type': 'general', 'wait_time': 10.0}}",BSKY
2025-02-20T08:57:32.843464,0.8532640827688859,Frontier,,"{'American': 2, 'Frontier': 4, 'JetBlue': 4, 'Southwest': 3, 'Delta': 3, 'Spirit': 3, 'Avelo Airlines': 1, 'Air Transat': 1, 'WestJet': 1, 'Air Canada': 1}",{},23,0,91,114,10,4,8,4,"{'East Checkpoint General': {'lane_type': 'general', 'wait_time': 16.0}, 'South Checkpoint General': {'lane_type': 'general', 'wait_time': 4.0}, 'South Checkpoint TSA PreCheck': {'lane_type': 'tsa_precheck', 'wait_time': 4.0}, 'West Checkpoint General': {'lane_type': 'general', 'wait_time': 10.0}}",BSKY
2025-02-20T09:27:35.388741,0.8403601862974459,Delta,,"{'Frontier': 2, 'JetBlue': 3, 'American': 2, 'Southwest': 3, 'Delta': 5, 'Spirit': 2, 'Avelo Airlines': 1, 'Flair': 1, 'Air Transat': 1, 'WestJet': 1, 'Air Canada': 2, 'United': 1}",{},24,0,91,115,7,7,7,4,"{'East Checkpoint General': {'lane_type': 'general', 'wait_time': 9.0}, 'South Checkpoint General': {'lane_type': 'general', 'wait_time': 5.0}, 'South Checkpoint TSA PreCheck': {'lane_type': 'tsa_precheck', 'wait_time': 7.0}, 'West Checkpoint General': {'lane_type': 'general', 'wait_time': 9.0}}",BSKY
2025-02-20T09:27:37.931912,0.8403601862974459,Delta,,"{'Frontier': 2, 'JetBlue': 3, 'American': 2, 'Southwest': 3, 'Delta': 5, 'Spirit': 2, 'Avelo Airlines': 1, 'Flair': 1, 'Air Transat': 1, 'WestJet': 1, 'Air Canada': 2, 'United': 1}",{},24,0,91,115,7,7,7,4,"{'East Checkpoint General': {'lane_type': 'general', 'wait_time': 9.0}, 'South Checkpoint General': {'lane_type': 'general', 'wait_time': 5.0}, 'South Checkpoint TSA PreCheck': {'lane_type': 'tsa_precheck', 'wait_time': 7.0}, 'West Checkpoint General': {'lane_type': 'general', 'wait_time': 9.0}}",X
2025-02-20T09:57:37.810326,0.8202708835204502,Southwest,,"{'Frontier': 1, 'American': 3, 'Southwest': 4, 'JetBlue': 3, 'Avelo Airlines': 1, 'Flair': 1, 'Delta': 4, 'Air Transat': 1, 'WestJet': 1, 'Air Canada': 2, 'Spirit': 2, 'United': 1, 'Allegiant Air': 1, 'Breeze Airways': 1}",{},26,0,84,110,5,2,4,4,"{'East Checkpoint General': {'lane_type': 'general', 'wait_time': 6.0}, 'South Checkpoint General': {'lane_type': 'general', 'wait_time': 3.0}, 'South Checkpoint TSA PreCheck': {'lane_type': 'tsa_precheck', 'wait_time': 2.5}, 'West Checkpoint General': {'lane_type': 'general', 'wait_time': 8.0}}",BSKY
2025-02-20T10:27:40.192145,0.7569723773765971,Southwest,,"{'Frontier': 1, 'Southwest': 7, 'Flair': 1, 'JetBlue': 4, 'Delta': 4, 'Air Transat': 1, 'WestJet': 1, 'Air Canada': 2, 'Spirit': 3, 'American': 4, 'United': 1, 'Allegiant Air': 1, 'Avelo Airlines': 1, 'Breeze Airways': 1, 'Porter': 1}",{},33,0,73,106,8,2,6,4,"{'East Checkpoint General': {'lane_type': 'general', 'wait_time': 7.0}, 'South Checkpoint General': {'lane_type': 'general', 'wait_time': 10.0}, 'South Checkpoint TSA PreCheck': {'lane_type': 'tsa_precheck', 'wait_time': 2.5}, 'West Checkpoint General': {'lane_type': 'general', 'wait_time': 8.0}}",BSKY
2025-02-20T10:57:40.328523,0.7809985181050854,Southwest,,"{'Flair': 1, 'Delta': 4, 'Air Transat': 1, 'WestJet': 1, 'Spirit': 3, 'American': 4, 'Air Canada': 2, 'JetBlue': 2, 'Southwest': 5, 'United': 1, 'Allegiant Air': 1, 'Avelo Airlines': 1, 'Breeze Airways': 1, 'Porter': 1}",{},28,0,74,102,10,3,8,4,"{'East Checkpoint General': {'lane_type': 'general', 'wait_time': 8.0}, 'South Checkpoint General': {'lane_type': 'general', 'wait_time': 12.0}, 'South Checkpoint TSA PreCheck': {'lane_type': 'tsa_precheck', 'wait_time': 3.0}, 'West Checkpoint General': {'lane_type': 'general', 'wait_time': 12.0}}",X
2025-02-20T10:57:42.686137,0.7809985181050854,Southwest,,"{'Flair': 1, 'Delta': 4, 'Air Transat': 1, 'WestJet': 1, 'Spirit': 3, 'American': 4, 'Air Canada': 2, 'JetBlue': 2, 'Southwest': 5, 'United': 1, 'Allegiant Air': 1, 'Avelo Airlines': 1, 'Breeze Airways': 1, 'Porter': 1}",{},28,0,74,102,10,3,8,4,"{'East Checkpoint General': {'lane_type': 'general', 'wait_time': 8.0}, 'South Checkpoint General': {'lane_type': 'general', 'wait_time': 12.0}, 'South Checkpoint TSA PreCheck': {'lane_type': 'tsa_precheck', 'wait_time': 3.0}, 'West Checkpoint General': {'lane_type': 'general', 'wait_time': 12.0}}",BSKY
